"","","","","","C-14 POPULATION IN FIVE YEAR AGE-GROUP BY RESIDENCE AND SEX ","","","","","","","","","","","","","","","","","","","","","","","","","","","","","","","","",""
"Table","State","Distt.","Town","Area Name","Age-group","Total ","","","Rural","","","Urban","","","","","","","","","","","","","","","","","","","","","","","","","",""
"Name","Code","Code","Code","","","","","","","","","","","","","","","","","","","","","","","","","","","","","","","","","","",""
"","","","","","","Persons","Males","Females","Persons","Males","Females","Persons","Males","Females","","","","","","","","","","","","","","","","","","","","","","","",""
"","","","","","1","2","3","4","5","6","7","8","9","10","","","","","","","","","","","","","","","","","","","","","","","",""
"","","","","","","","","","","","","","","","","","","","","","","","","","","","","","","","","","","","","","",""
"","","","","","","","","","","","","","","","","","","","","","","","","","","","","","","","","","","","","","",""
"C4114","20","00","00000000","JHARKHAND","All ages","26945829","13885037","13060792","20952088","10679596","10272492","5993741","3205441","2788300","","","","","","","","","","","","","","","","","","","","","","","",""
"C4114","20","00","00000000","JHARKHAND","0-4","3269645","1655097","1614548","2710437","1366574","1343863","559208","288523","270685","","","","","","","","","","","","","","","","","","","","","","","",""
"C4114","20","00","00000000","JHARKHAND","5-9","3904096","2001345","1902751","3198507","1634584","1563923","705589","366761","338828","","","","","","","","","","","","","","","","","","","","","","","",""
"C4114","20","00","00000000","JHARKHAND","10-14","3534953","1852228","1682725","2755312","1443226","1312086","779641","409002","370639","","","","","","","","","","","","","","","","","","","","","","","",""
"C4114","20","00","00000000","JHARKHAND","15-19","2499650","1351313","1148337","1815202","976911","838291","684448","374402","310046","","","","","","","","","","","","","","","","","","","","","","","",""
"C4114","20","00","00000000","JHARKHAND","20-24","2149707","1086951","1062756","1580950","773759","807191","568757","313192","255565","","","","","","","","","","","","","","","","","","","","","","","",""
"C4114","20","00","00000000","JHARKHAND","25-29","2031648","1011956","1019692","1545726","756779","788947","485922","255177","230745","","","","","","","","","","","","","","","","","","","","","","","",""
"C4114","20","00","00000000","JHARKHAND","30-34","1882378","930481","951897","1457192","708304","748888","425186","222177","203009","","","","","","","","","","","","","","","","","","","","","","","",""
"C4114","20","00","00000000","JHARKHAND","35-39","1770077","912149","857928","1356155","696514","659641","413922","215635","198287","","","","","","","","","","","","","","","","","","","","","","","",""
"C4114","20","00","00000000","JHARKHAND","40-44","1416919","746852","670067","1072041","560374","511667","344878","186478","158400","","","","","","","","","","","","","","","","","","","","","","","",""
"C4114","20","00","00000000","JHARKHAND","45-49","1232946","653169","579777","916931","478200","438731","316015","174969","141046","","","","","","","","","","","","","","","","","","","","","","","",""
"C4114","20","00","00000000","JHARKHAND","50-54","929297","511522","417775","697266","373503","323763","232031","138019","94012","","","","","","","","","","","","","","","","","","","","","","","",""
"C4114","20","00","00000000","JHARKHAND","55-59","712543","363852","348691","546941","266069","280872","165602","97783","67819","","","","","","","","","","","","","","","","","","","","","","","",""
"C4114","20","00","00000000","JHARKHAND","60-64","626146","311884","314262","510410","250017","260393","115736","61867","53869","","","","","","","","","","","","","","","","","","","","","","","",""
"C4114","20","00","00000000","JHARKHAND","65-69","399356","191041","208315","321779","151650","170129","77577","39391","38186","","","","","","","","","","","","","","","","","","","","","","","",""
"C4114","20","00","00000000","JHARKHAND","70-74","283615","145095","138520","230526","117642","112884","53089","27453","25636","","","","","","","","","","","","","","","","","","","","","","","",""
"C4114","20","00","00000000","JHARKHAND","75-79","121585","61011","60574","96378","48010","48368","25207","13001","12206","","","","","","","","","","","","","","","","","","","","","","","",""
"C4114","20","00","00000000","JHARKHAND","80+","147960","78203","69757","115897","61904","53993","32063","16299","15764","","","","","","","","","","","","","","","","","","","","","","","",""
"C4114","20","00","00000000","JHARKHAND","Age not stated","33308","20888","12420","24438","15576","8862","8870","5312","3558","","","","","","","","","","","","","","","","","","","","","","","",""
"C4114","20","01","00000000","Garhwa *","All ages","1035464","535332","500132","992825","512444","480381","42639","22888","19751","","","","","","","","","","","","","","","","","","","","","","","",""
"C4114","20","01","00000000","Garhwa *","0-4","150755","76076","74679","145841","73567","72274","4914","2509","2405","","","","","","","","","","","","","","","","","","","","","","","",""
"C4114","20","01","00000000","Garhwa *","5-9","168729","87434","81295","162977","84413","78564","5752","3021","2731","","","","","","","","","","","","","","","","","","","","","","","",""
"C4114","20","01","00000000","Garhwa *","10-14","141257","75371","65886","135303","72219","63084","5954","3152","2802","","","","","","","","","","","","","","","","","","","","","","","",""
"C4114","20","01","00000000","Garhwa *","15-19","82306","44825","37481","77864","42351","35513","4442","2474","1968","","","","","","","","","","","","","","","","","","","","","","","",""
"C4114","20","01","00000000","Garhwa *","20-24","80597","39123","41474","76985","37117","39868","3612","2006","1606","","","","","","","","","","","","","","","","","","","","","","","",""
"C4114","20","01","00000000","Garhwa *","25-29","73062","36380","36682","69969","34744","35225","3093","1636","1457","","","","","","","","","","","","","","","","","","","","","","","",""
"C4114","20","01","00000000","Garhwa *","30-34","69521","34408","35113","66647","32908","33739","2874","1500","1374","","","","","","","","","","","","","","","","","","","","","","","",""
"C4114","20","01","00000000","Garhwa *","35-39","59049","30876","28173","56342","29421","26921","2707","1455","1252","","","","","","","","","","","","","","","","","","","","","","","",""
"C4114","20","01","00000000","Garhwa *","40-44","47251","25020","22231","44944","23764","21180","2307","1256","1051","","","","","","","","","","","","","","","","","","","","","","","",""
"C4114","20","01","00000000","Garhwa *","45-49","39317","20340","18977","37307","19175","18132","2010","1165","845","","","","","","","","","","","","","","","","","","","","","","","",""
"C4114","20","01","00000000","Garhwa *","50-54","30358","17028","13330","28907","16132","12775","1451","896","555","","","","","","","","","","","","","","","","","","","","","","","",""
"C4114","20","01","00000000","Garhwa *","55-59","24419","11616","12803","23405","11088","12317","1014","528","486","","","","","","","","","","","","","","","","","","","","","","","",""
"C4114","20","01","00000000","Garhwa *","60-64","24415","12996","11419","23538","12542","10996","877","454","423","","","","","","","","","","","","","","","","","","","","","","","",""
"C4114","20","01","00000000","Garhwa *","65-69","16899","8528","8371","16323","8234","8089","576","294","282","","","","","","","","","","","","","","","","","","","","","","","",""
"C4114","20","01","00000000","Garhwa *","70-74","13077","7335","5742","12572","7087","5485","505","248","257","","","","","","","","","","","","","","","","","","","","","","","",""
"C4114","20","01","00000000","Garhwa *","75-79","6117","3176","2941","5887","3045","2842","230","131","99","","","","","","","","","","","","","","","","","","","","","","","",""
"C4114","20","01","00000000","Garhwa *","80+","7401","4245","3156","7098","4092","3006","303","153","150","","","","","","","","","","","","","","","","","","","","","","","",""
"C4114","20","01","00000000","Garhwa *","Age not stated","934","555","379","916","545","371","18","10","8","","","","","","","","","","","","","","","","","","","","","","","",""
"C4114","20","02","00000000","Palamu","All ages","2098359","1084417","1013942","1973266","1018043","955223","125093","66374","58719","","","","","","","","","","","","","","","","","","","","","","","",""
"C4114","20","02","00000000","Palamu","0-4","280238","141469","138769","267994","135123","132871","12244","6346","5898","","","","","","","","","","","","","","","","","","","","","","","",""
"C4114","20","02","00000000","Palamu","5-9","328191","168366","159825","312969","160482","152487","15222","7884","7338","","","","","","","","","","","","","","","","","","","","","","","",""
"C4114","20","02","00000000","Palamu","10-14","290389","153203","137186","273298","144332","128966","17091","8871","8220","","","","","","","","","","","","","","","","","","","","","","","",""
"C4114","20","02","00000000","Palamu","15-19","179546","97924","81622","165694","90519","75175","13852","7405","6447","","","","","","","","","","","","","","","","","","","","","","","",""
"C4114","20","02","00000000","Palamu","20-24","160471","79441","81030","149402","73477","75925","11069","5964","5105","","","","","","","","","","","","","","","","","","","","","","","",""
"C4114","20","02","00000000","Palamu","25-29","148804","73503","75301","139390","68579","70811","9414","4924","4490","","","","","","","","","","","","","","","","","","","","","","","",""
"C4114","20","02","00000000","Palamu","30-34","142237","69982","72255","133438","65427","68011","8799","4555","4244","","","","","","","","","","","","","","","","","","","","","","","",""
"C4114","20","02","00000000","Palamu","35-39","127432","65862","61570","118907","61323","57584","8525","4539","3986","","","","","","","","","","","","","","","","","","","","","","","",""
"C4114","20","02","00000000","Palamu","40-44","101930","54762","47168","94944","50904","44040","6986","3858","3128","","","","","","","","","","","","","","","","","","","","","","","",""
"C4114","20","02","00000000","Palamu","45-49","83681","43807","39874","77682","40425","37257","5999","3382","2617","","","","","","","","","","","","","","","","","","","","","","","",""
"C4114","20","02","00000000","Palamu","50-54","65241","36531","28710","60823","33938","26885","4418","2593","1825","","","","","","","","","","","","","","","","","","","","","","","",""
"C4114","20","02","00000000","Palamu","55-59","51748","24976","26772","48381","23195","25186","3367","1781","1586","","","","","","","","","","","","","","","","","","","","","","","",""
"C4114","20","02","00000000","Palamu","60-64","50306","26816","23490","47477","25303","22174","2829","1513","1316","","","","","","","","","","","","","","","","","","","","","","","",""
"C4114","20","02","00000000","Palamu","65-69","31899","15932","15967","29972","14991","14981","1927","941","986","","","","","","","","","","","","","","","","","","","","","","","",""
"C4114","20","02","00000000","Palamu","70-74","24784","13618","11166","23298","12822","10476","1486","796","690","","","","","","","","","","","","","","","","","","","","","","","",""
"C4114","20","02","00000000","Palamu","75-79","11351","5862","5489","10710","5501","5209","641","361","280","","","","","","","","","","","","","","","","","","","","","","","",""
"C4114","20","02","00000000","Palamu","80+","14821","8350","6471","13877","7843","6034","944","507","437","","","","","","","","","","","","","","","","","","","","","","","",""
"C4114","20","02","00000000","Palamu","Age not stated","5290","4013","1277","5010","3859","1151","280","154","126","","","","","","","","","","","","","","","","","","","","","","","",""
"C4114","20","03","00000000","Chatra *","All ages","791434","404067","387367","749414","381709","367705","42020","22358","19662","","","","","","","","","","","","","","","","","","","","","","","",""
"C4114","20","03","00000000","Chatra *","0-4","109657","55288","54369","104774","52793","51981","4883","2495","2388","","","","","","","","","","","","","","","","","","","","","","","",""
"C4114","20","03","00000000","Chatra *","5-9","128494","65688","62806","122486","62599","59887","6008","3089","2919","","","","","","","","","","","","","","","","","","","","","","","",""
"C4114","20","03","00000000","Chatra *","10-14","111045","58353","52692","104626","54960","49666","6419","3393","3026","","","","","","","","","","","","","","","","","","","","","","","",""
"C4114","20","03","00000000","Chatra *","15-19","68932","36269","32663","64213","33687","30526","4719","2582","2137","","","","","","","","","","","","","","","","","","","","","","","",""
"C4114","20","03","00000000","Chatra *","20-24","59198","28726","30472","55611","26708","28903","3587","2018","1569","","","","","","","","","","","","","","","","","","","","","","","",""
"C4114","20","03","00000000","Chatra *","25-29","54597","26438","28159","51588","24810","26778","3009","1628","1381","","","","","","","","","","","","","","","","","","","","","","","",""
"C4114","20","03","00000000","Chatra *","30-34","52115","25421","26694","49498","24027","25471","2617","1394","1223","","","","","","","","","","","","","","","","","","","","","","","",""
"C4114","20","03","00000000","Chatra *","35-39","47939","24199","23740","45457","22908","22549","2482","1291","1191","","","","","","","","","","","","","","","","","","","","","","","",""
"C4114","20","03","00000000","Chatra *","40-44","38327","20506","17821","36279","19380","16899","2048","1126","922","","","","","","","","","","","","","","","","","","","","","","","",""
"C4114","20","03","00000000","Chatra *","45-49","31317","16291","15026","29616","15359","14257","1701","932","769","","","","","","","","","","","","","","","","","","","","","","","",""
"C4114","20","03","00000000","Chatra *","50-54","23400","13006","10394","22137","12280","9857","1263","726","537","","","","","","","","","","","","","","","","","","","","","","","",""
"C4114","20","03","00000000","Chatra *","55-59","18330","8707","9623","17376","8189","9187","954","518","436","","","","","","","","","","","","","","","","","","","","","","","",""
"C4114","20","03","00000000","Chatra *","60-64","18131","9383","8748","17279","8945","8334","852","438","414","","","","","","","","","","","","","","","","","","","","","","","",""
"C4114","20","03","00000000","Chatra *","65-69","11554","5641","5913","11017","5384","5633","537","257","280","","","","","","","","","","","","","","","","","","","","","","","",""
"C4114","20","03","00000000","Chatra *","70-74","8751","4819","3932","8325","4601","3724","426","218","208","","","","","","","","","","","","","","","","","","","","","","","",""
"C4114","20","03","00000000","Chatra *","75-79","3679","1857","1822","3478","1762","1716","201","95","106","","","","","","","","","","","","","","","","","","","","","","","",""
"C4114","20","03","00000000","Chatra *","80+","4805","2635","2170","4532","2511","2021","273","124","149","","","","","","","","","","","","","","","","","","","","","","","",""
"C4114","20","03","00000000","Chatra *","Age not stated","1163","840","323","1122","806","316","41","34","7","","","","","","","","","","","","","","","","","","","","","","","",""
"C4114","20","04","00000000","Hazaribag","All ages","2277475","1167793","1109682","1748406","879100","869306","529069","288693","240376","","","","","","","","","","","","","","","","","","","","","","","",""
"C4114","20","04","00000000","Hazaribag","0-4","281893","143134","138759","230988","116682","114306","50905","26452","24453","","","","","","","","","","","","","","","","","","","","","","","",""
"C4114","20","04","00000000","Hazaribag","5-9","336108","171551","164557","271082","137743","133339","65026","33808","31218","","","","","","","","","","","","","","","","","","","","","","","",""
"C4114","20","04","00000000","Hazaribag","10-14","319834","165459","154375","245579","126294","119285","74255","39165","35090","","","","","","","","","","","","","","","","","","","","","","","",""
"C4114","20","04","00000000","Hazaribag","15-19","223097","120363","102734","158965","83958","75007","64132","36405","27727","","","","","","","","","","","","","","","","","","","","","","","",""
"C4114","20","04","00000000","Hazaribag","20-24","183700","94321","89379","133771","64902","68869","49929","29419","20510","","","","","","","","","","","","","","","","","","","","","","","",""
"C4114","20","04","00000000","Hazaribag","25-29","162139","79424","82715","123239","58739","64500","38900","20685","18215","","","","","","","","","","","","","","","","","","","","","","","",""
"C4114","20","04","00000000","Hazaribag","30-34","151817","73542","78275","115936","54444","61492","35881","19098","16783","","","","","","","","","","","","","","","","","","","","","","","",""
"C4114","20","04","00000000","Hazaribag","35-39","141221","71185","70036","106226","52892","53334","34995","18293","16702","","","","","","","","","","","","","","","","","","","","","","","",""
"C4114","20","04","00000000","Hazaribag","40-44","115803","59974","55829","85001","43234","41767","30802","16740","14062","","","","","","","","","","","","","","","","","","","","","","","",""
"C4114","20","04","00000000","Hazaribag","45-49","100757","53432","47325","72732","37240","35492","28025","16192","11833","","","","","","","","","","","","","","","","","","","","","","","",""
"C4114","20","04","00000000","Hazaribag","50-54","74852","41389","33463","54605","29022","25583","20247","12367","7880","","","","","","","","","","","","","","","","","","","","","","","",""
"C4114","20","04","00000000","Hazaribag","55-59","58401","30192","28209","44208","21407","22801","14193","8785","5408","","","","","","","","","","","","","","","","","","","","","","","",""
"C4114","20","04","00000000","Hazaribag","60-64","48995","24504","24491","40545","19978","20567","8450","4526","3924","","","","","","","","","","","","","","","","","","","","","","","",""
"C4114","20","04","00000000","Hazaribag","65-69","31880","15245","16635","26500","12562","13938","5380","2683","2697","","","","","","","","","","","","","","","","","","","","","","","",""
"C4114","20","04","00000000","Hazaribag","70-74","23288","11975","11313","19413","9992","9421","3875","1983","1892","","","","","","","","","","","","","","","","","","","","","","","",""
"C4114","20","04","00000000","Hazaribag","75-79","10116","4995","5121","8427","4125","4302","1689","870","819","","","","","","","","","","","","","","","","","","","","","","","",""
"C4114","20","04","00000000","Hazaribag","80+","12059","6188","5871","10053","5202","4851","2006","986","1020","","","","","","","","","","","","","","","","","","","","","","","",""
"C4114","20","04","00000000","Hazaribag","Age not stated","1515","920","595","1136","684","452","379","236","143","","","","","","","","","","","","","","","","","","","","","","","",""
"C4114","20","04","40404000","Hazaribag (M)","All ages","127269","67900","59369","0","0","0","127269","67900","59369","","","","","","","","","","","","","","","","","","","","","","","",""
"C4114","20","04","40404000","Hazaribag (M)","0-4","11335","5884","5451","0","0","0","11335","5884","5451","","","","","","","","","","","","","","","","","","","","","","","",""
"C4114","20","04","40404000","Hazaribag (M)","5-9","14097","7429","6668","0","0","0","14097","7429","6668","","","","","","","","","","","","","","","","","","","","","","","",""
"C4114","20","04","40404000","Hazaribag (M)","10-14","17074","8880","8194","0","0","0","17074","8880","8194","","","","","","","","","","","","","","","","","","","","","","","",""
"C4114","20","04","40404000","Hazaribag (M)","15-19","15982","8863","7119","0","0","0","15982","8863","7119","","","","","","","","","","","","","","","","","","","","","","","",""
"C4114","20","04","40404000","Hazaribag (M)","20-24","12847","7111","5736","0","0","0","12847","7111","5736","","","","","","","","","","","","","","","","","","","","","","","",""
"C4114","20","04","40404000","Hazaribag (M)","25-29","10262","5453","4809","0","0","0","10262","5453","4809","","","","","","","","","","","","","","","","","","","","","","","",""
"C4114","20","04","40404000","Hazaribag (M)","30-34","9105","4627","4478","0","0","0","9105","4627","4478","","","","","","","","","","","","","","","","","","","","","","","",""
"C4114","20","04","40404000","Hazaribag (M)","35-39","8645","4460","4185","0","0","0","8645","4460","4185","","","","","","","","","","","","","","","","","","","","","","","",""
"C4114","20","04","40404000","Hazaribag (M)","40-44","7143","3947","3196","0","0","0","7143","3947","3196","","","","","","","","","","","","","","","","","","","","","","","",""
"C4114","20","04","40404000","Hazaribag (M)","45-49","5902","3331","2571","0","0","0","5902","3331","2571","","","","","","","","","","","","","","","","","","","","","","","",""
"C4114","20","04","40404000","Hazaribag (M)","50-54","4222","2416","1806","0","0","0","4222","2416","1806","","","","","","","","","","","","","","","","","","","","","","","",""
"C4114","20","04","40404000","Hazaribag (M)","55-59","3136","1654","1482","0","0","0","3136","1654","1482","","","","","","","","","","","","","","","","","","","","","","","",""
"C4114","20","04","40404000","Hazaribag (M)","60-64","2714","1389","1325","0","0","0","2714","1389","1325","","","","","","","","","","","","","","","","","","","","","","","",""
"C4114","20","04","40404000","Hazaribag (M)","65-69","1964","1006","958","0","0","0","1964","1006","958","","","","","","","","","","","","","","","","","","","","","","","",""
"C4114","20","04","40404000","Hazaribag (M)","70-74","1454","742","712","0","0","0","1454","742","712","","","","","","","","","","","","","","","","","","","","","","","",""
"C4114","20","04","40404000","Hazaribag (M)","75-79","629","331","298","0","0","0","629","331","298","","","","","","","","","","","","","","","","","","","","","","","",""
"C4114","20","04","40404000","Hazaribag (M)","80+","714","354","360","0","0","0","714","354","360","","","","","","","","","","","","","","","","","","","","","","","",""
"C4114","20","04","40404000","Hazaribag (M)","Age not stated","44","23","21","0","0","0","44","23","21","","","","","","","","","","","","","","","","","","","","","","","",""
"C4114","20","05","00000000","Kodarma *","All ages","499403","249549","249854","412654","203573","209081","86749","45976","40773","","","","","","","","","","","","","","","","","","","","","","","",""
"C4114","20","05","00000000","Kodarma *","0-4","68435","34509","33926","58597","29467","29130","9838","5042","4796","","","","","","","","","","","","","","","","","","","","","","","",""
"C4114","20","05","00000000","Kodarma *","5-9","75880","38750","37130","64435","32838","31597","11445","5912","5533","","","","","","","","","","","","","","","","","","","","","","","",""
"C4114","20","05","00000000","Kodarma *","10-14","67444","35667","31777","55767","29456","26311","11677","6211","5466","","","","","","","","","","","","","","","","","","","","","","","",""
"C4114","20","05","00000000","Kodarma *","15-19","43828","23120","20708","34975","18114","16861","8853","5006","3847","","","","","","","","","","","","","","","","","","","","","","","",""
"C4114","20","05","00000000","Kodarma *","20-24","38234","17904","20330","31048","13929","17119","7186","3975","3211","","","","","","","","","","","","","","","","","","","","","","","",""
"C4114","20","05","00000000","Kodarma *","25-29","34430","15722","18708","27922","12477","15445","6508","3245","3263","","","","","","","","","","","","","","","","","","","","","","","",""
"C4114","20","05","00000000","Kodarma *","30-34","31885","14914","16971","25922","11858","14064","5963","3056","2907","","","","","","","","","","","","","","","","","","","","","","","",""
"C4114","20","05","00000000","Kodarma *","35-39","30075","14624","15451","24189","11547","12642","5886","3077","2809","","","","","","","","","","","","","","","","","","","","","","","",""
"C4114","20","05","00000000","Kodarma *","40-44","24531","12541","11990","19774","9904","9870","4757","2637","2120","","","","","","","","","","","","","","","","","","","","","","","",""
"C4114","20","05","00000000","Kodarma *","45-49","21249","10519","10730","17216","8287","8929","4033","2232","1801","","","","","","","","","","","","","","","","","","","","","","","",""
"C4114","20","05","00000000","Kodarma *","50-54","16806","9050","7756","13870","7328","6542","2936","1722","1214","","","","","","","","","","","","","","","","","","","","","","","",""
"C4114","20","05","00000000","Kodarma *","55-59","13272","6361","6911","11089","5228","5861","2183","1133","1050","","","","","","","","","","","","","","","","","","","","","","","",""
"C4114","20","05","00000000","Kodarma *","60-64","12748","6180","6568","10799","5220","5579","1949","960","989","","","","","","","","","","","","","","","","","","","","","","","",""
"C4114","20","05","00000000","Kodarma *","65-69","8144","3647","4497","6747","2983","3764","1397","664","733","","","","","","","","","","","","","","","","","","","","","","","",""
"C4114","20","05","00000000","Kodarma *","70-74","6258","2978","3280","5237","2462","2775","1021","516","505","","","","","","","","","","","","","","","","","","","","","","","",""
"C4114","20","05","00000000","Kodarma *","75-79","2594","1256","1338","2156","1021","1135","438","235","203","","","","","","","","","","","","","","","","","","","","","","","",""
"C4114","20","05","00000000","Kodarma *","80+","3202","1555","1647","2639","1275","1364","563","280","283","","","","","","","","","","","","","","","","","","","","","","","",""
"C4114","20","05","00000000","Kodarma *","Age not stated","388","252","136","272","179","93","116","73","43","","","","","","","","","","","","","","","","","","","","","","","",""
"C4114","20","06","00000000","Giridih","All ages","1904430","960679","943751","1782066","896442","885624","122364","64237","58127","","","","","","","","","","","","","","","","","","","","","","","",""
"C4114","20","06","00000000","Giridih","0-4","267261","134329","132932","254326","127696","126630","12935","6633","6302","","","","","","","","","","","","","","","","","","","","","","","",""
"C4114","20","06","00000000","Giridih","5-9","306876","156375","150501","291306","148389","142917","15570","7986","7584","","","","","","","","","","","","","","","","","","","","","","","",""
"C4114","20","06","00000000","Giridih","10-14","251558","132112","119446","234895","123309","111586","16663","8803","7860","","","","","","","","","","","","","","","","","","","","","","","",""
"C4114","20","06","00000000","Giridih","15-19","161153","85094","76059","147611","77822","69789","13542","7272","6270","","","","","","","","","","","","","","","","","","","","","","","",""
"C4114","20","06","00000000","Giridih","20-24","146645","69847","76798","135907","63974","71933","10738","5873","4865","","","","","","","","","","","","","","","","","","","","","","","",""
"C4114","20","06","00000000","Giridih","25-29","134119","63641","70478","124975","58989","65986","9144","4652","4492","","","","","","","","","","","","","","","","","","","","","","","",""
"C4114","20","06","00000000","Giridih","30-34","124908","59694","65214","116492","55426","61066","8416","4268","4148","","","","","","","","","","","","","","","","","","","","","","","",""
"C4114","20","06","00000000","Giridih","35-39","115101","56948","58153","106839","52818","54021","8262","4130","4132","","","","","","","","","","","","","","","","","","","","","","","",""
"C4114","20","06","00000000","Giridih","40-44","94143","48510","45633","87312","44728","42584","6831","3782","3049","","","","","","","","","","","","","","","","","","","","","","","",""
"C4114","20","06","00000000","Giridih","45-49","79475","40615","38860","73791","37443","36348","5684","3172","2512","","","","","","","","","","","","","","","","","","","","","","","",""
"C4114","20","06","00000000","Giridih","50-54","60886","33161","27725","56747","30808","25939","4139","2353","1786","","","","","","","","","","","","","","","","","","","","","","","",""
"C4114","20","06","00000000","Giridih","55-59","47324","22563","24761","44352","21012","23340","2972","1551","1421","","","","","","","","","","","","","","","","","","","","","","","",""
"C4114","20","06","00000000","Giridih","60-64","45626","23029","22597","42964","21714","21250","2662","1315","1347","","","","","","","","","","","","","","","","","","","","","","","",""
"C4114","20","06","00000000","Giridih","65-69","28239","13265","14974","26231","12295","13936","2008","970","1038","","","","","","","","","","","","","","","","","","","","","","","",""
"C4114","20","06","00000000","Giridih","70-74","21273","11059","10214","19940","10362","9578","1333","697","636","","","","","","","","","","","","","","","","","","","","","","","",""
"C4114","20","06","00000000","Giridih","75-79","8199","4054","4145","7603","3740","3863","596","314","282","","","","","","","","","","","","","","","","","","","","","","","",""
"C4114","20","06","00000000","Giridih","80+","10174","5465","4709","9471","5116","4355","703","349","354","","","","","","","","","","","","","","","","","","","","","","","",""
"C4114","20","06","00000000","Giridih","Age not stated","1470","918","552","1304","801","503","166","117","49","","","","","","","","","","","","","","","","","","","","","","","",""
"C4114","20","07","00000000","Deoghar","All ages","1165390","608878","556512","1005539","522198","483341","159851","86680","73171","","","","","","","","","","","","","","","","","","","","","","","",""
"C4114","20","07","00000000","Deoghar","0-4","151695","76308","75387","136865","68669","68196","14830","7639","7191","","","","","","","","","","","","","","","","","","","","","","","",""
"C4114","20","07","00000000","Deoghar","5-9","176315","90863","85452","157284","80625","76659","19031","10238","8793","","","","","","","","","","","","","","","","","","","","","","","",""
"C4114","20","07","00000000","Deoghar","10-14","150644","82310","68334","129207","70472","58735","21437","11838","9599","","","","","","","","","","","","","","","","","","","","","","","",""
"C4114","20","07","00000000","Deoghar","15-19","104468","58229","46239","86442","48057","38385","18026","10172","7854","","","","","","","","","","","","","","","","","","","","","","","",""
"C4114","20","07","00000000","Deoghar","20-24","92592","47217","45375","78000","39020","38980","14592","8197","6395","","","","","","","","","","","","","","","","","","","","","","","",""
"C4114","20","07","00000000","Deoghar","25-29","85538","43031","42507","73165","36456","36709","12373","6575","5798","","","","","","","","","","","","","","","","","","","","","","","",""
"C4114","20","07","00000000","Deoghar","30-34","80344","40181","40163","68889","34310","34579","11455","5871","5584","","","","","","","","","","","","","","","","","","","","","","","",""
"C4114","20","07","00000000","Deoghar","35-39","74457","38721","35736","63145","32917","30228","11312","5804","5508","","","","","","","","","","","","","","","","","","","","","","","",""
"C4114","20","07","00000000","Deoghar","40-44","58806","31675","27131","49548","26539","23009","9258","5136","4122","","","","","","","","","","","","","","","","","","","","","","","",""
"C4114","20","07","00000000","Deoghar","45-49","49415","26284","23131","41614","21920","19694","7801","4364","3437","","","","","","","","","","","","","","","","","","","","","","","",""
"C4114","20","07","00000000","Deoghar","50-54","38102","20958","17144","32511","17652","14859","5591","3306","2285","","","","","","","","","","","","","","","","","","","","","","","",""
"C4114","20","07","00000000","Deoghar","55-59","29650","14809","14841","25553","12606","12947","4097","2203","1894","","","","","","","","","","","","","","","","","","","","","","","",""
"C4114","20","07","00000000","Deoghar","60-64","27896","14253","13643","24280","12355","11925","3616","1898","1718","","","","","","","","","","","","","","","","","","","","","","","",""
"C4114","20","07","00000000","Deoghar","65-69","18668","9364","9304","16027","7962","8065","2641","1402","1239","","","","","","","","","","","","","","","","","","","","","","","",""
"C4114","20","07","00000000","Deoghar","70-74","13761","7414","6347","11854","6408","5446","1907","1006","901","","","","","","","","","","","","","","","","","","","","","","","",""
"C4114","20","07","00000000","Deoghar","75-79","5904","3258","2646","5030","2745","2285","874","513","361","","","","","","","","","","","","","","","","","","","","","","","",""
"C4114","20","07","00000000","Deoghar","80+","6472","3619","2853","5550","3154","2396","922","465","457","","","","","","","","","","","","","","","","","","","","","","","",""
"C4114","20","07","00000000","Deoghar","Age not stated","663","384","279","575","331","244","88","53","35","","","","","","","","","","","","","","","","","","","","","","","",""
"C4114","20","08","00000000","Godda","All ages","1047939","544043","503896","1010931","524075","486856","37008","19968","17040","","","","","","","","","","","","","","","","","","","","","","","",""
"C4114","20","08","00000000","Godda","0-4","132227","66277","65950","128450","64321","64129","3777","1956","1821","","","","","","","","","","","","","","","","","","","","","","","",""
"C4114","20","08","00000000","Godda","5-9","160964","83090","77874","156114","80613","75501","4850","2477","2373","","","","","","","","","","","","","","","","","","","","","","","",""
"C4114","20","08","00000000","Godda","10-14","129966","70846","59120","125203","68260","56943","4763","2586","2177","","","","","","","","","","","","","","","","","","","","","","","",""
"C4114","20","08","00000000","Godda","15-19","85971","48920","37051","81964","46640","35324","4007","2280","1727","","","","","","","","","","","","","","","","","","","","","","","",""
"C4114","20","08","00000000","Godda","20-24","78477","39145","39332","75079","37298","37781","3398","1847","1551","","","","","","","","","","","","","","","","","","","","","","","",""
"C4114","20","08","00000000","Godda","25-29","80433","39218","41215","77534","37659","39875","2899","1559","1340","","","","","","","","","","","","","","","","","","","","","","","",""
"C4114","20","08","00000000","Godda","30-34","76510","38387","38123","74005","37049","36956","2505","1338","1167","","","","","","","","","","","","","","","","","","","","","","","",""
"C4114","20","08","00000000","Godda","35-39","70640","37049","33591","68192","35829","32363","2448","1220","1228","","","","","","","","","","","","","","","","","","","","","","","",""
"C4114","20","08","00000000","Godda","40-44","55376","29968","25408","53322","28809","24513","2054","1159","895","","","","","","","","","","","","","","","","","","","","","","","",""
"C4114","20","08","00000000","Godda","45-49","46054","24257","21797","44220","23240","20980","1834","1017","817","","","","","","","","","","","","","","","","","","","","","","","",""
"C4114","20","08","00000000","Godda","50-54","35828","19501","16327","34538","18727","15811","1290","774","516","","","","","","","","","","","","","","","","","","","","","","","",""
"C4114","20","08","00000000","Godda","55-59","27533","13268","14265","26522","12704","13818","1011","564","447","","","","","","","","","","","","","","","","","","","","","","","",""
"C4114","20","08","00000000","Godda","60-64","26925","13318","13607","26133","12889","13244","792","429","363","","","","","","","","","","","","","","","","","","","","","","","",""
"C4114","20","08","00000000","Godda","65-69","16635","7795","8840","16093","7511","8582","542","284","258","","","","","","","","","","","","","","","","","","","","","","","",""
"C4114","20","08","00000000","Godda","70-74","12384","6571","5813","11962","6344","5618","422","227","195","","","","","","","","","","","","","","","","","","","","","","","",""
"C4114","20","08","00000000","Godda","75-79","4926","2527","2399","4748","2422","2326","178","105","73","","","","","","","","","","","","","","","","","","","","","","","",""
"C4114","20","08","00000000","Godda","80+","6279","3427","2852","6061","3294","2767","218","133","85","","","","","","","","","","","","","","","","","","","","","","","",""
"C4114","20","08","00000000","Godda","Age not stated","811","479","332","791","466","325","20","13","7","","","","","","","","","","","","","","","","","","","","","","","",""
"C4114","20","09","00000000","Sahibganj","All ages","927770","477662","450108","829639","425418","404221","98131","52244","45887","","","","","","","","","","","","","","","","","","","","","","","",""
"C4114","20","09","00000000","Sahibganj","0-4","129704","65398","64306","118768","59882","58886","10936","5516","5420","","","","","","","","","","","","","","","","","","","","","","","",""
"C4114","20","09","00000000","Sahibganj","5-9","147285","75798","71487","133853","68697","65156","13432","7101","6331","","","","","","","","","","","","","","","","","","","","","","","",""
"C4114","20","09","00000000","Sahibganj","10-14","119467","63927","55540","105882","56712","49170","13585","7215","6370","","","","","","","","","","","","","","","","","","","","","","","",""
"C4114","20","09","00000000","Sahibganj","15-19","78188","43089","35099","67843","37227","30616","10345","5862","4483","","","","","","","","","","","","","","","","","","","","","","","",""
"C4114","20","09","00000000","Sahibganj","20-24","70720","34553","36167","62704","30119","32585","8016","4434","3582","","","","","","","","","","","","","","","","","","","","","","","",""
"C4114","20","09","00000000","Sahibganj","25-29","71123","34834","36289","63936","31174","32762","7187","3660","3527","","","","","","","","","","","","","","","","","","","","","","","",""
"C4114","20","09","00000000","Sahibganj","30-34","67725","33748","33977","61108","30393","30715","6617","3355","3262","","","","","","","","","","","","","","","","","","","","","","","",""
"C4114","20","09","00000000","Sahibganj","35-39","61230","32267","28963","54553","28874","25679","6677","3393","3284","","","","","","","","","","","","","","","","","","","","","","","",""
"C4114","20","09","00000000","Sahibganj","40-44","47699","25616","22083","42302","22586","19716","5397","3030","2367","","","","","","","","","","","","","","","","","","","","","","","",""
"C4114","20","09","00000000","Sahibganj","45-49","39180","20841","18339","34741","18303","16438","4439","2538","1901","","","","","","","","","","","","","","","","","","","","","","","",""
"C4114","20","09","00000000","Sahibganj","50-54","29027","15790","13237","25711","13850","11861","3316","1940","1376","","","","","","","","","","","","","","","","","","","","","","","",""
"C4114","20","09","00000000","Sahibganj","55-59","20523","10144","10379","18176","8883","9293","2347","1261","1086","","","","","","","","","","","","","","","","","","","","","","","",""
"C4114","20","09","00000000","Sahibganj","60-64","18971","8945","10026","16818","7886","8932","2153","1059","1094","","","","","","","","","","","","","","","","","","","","","","","",""
"C4114","20","09","00000000","Sahibganj","65-69","11231","5018","6213","9769","4300","5469","1462","718","744","","","","","","","","","","","","","","","","","","","","","","","",""
"C4114","20","09","00000000","Sahibganj","70-74","8351","4019","4332","7232","3434","3798","1119","585","534","","","","","","","","","","","","","","","","","","","","","","","",""
"C4114","20","09","00000000","Sahibganj","75-79","3154","1515","1639","2724","1289","1435","430","226","204","","","","","","","","","","","","","","","","","","","","","","","",""
"C4114","20","09","00000000","Sahibganj","80+","3760","1871","1889","3169","1579","1590","591","292","299","","","","","","","","","","","","","","","","","","","","","","","",""
"C4114","20","09","00000000","Sahibganj","Age not stated","432","289","143","350","230","120","82","59","23","","","","","","","","","","","","","","","","","","","","","","","",""
"C4114","20","10","00000000","Pakaur *","All ages","701664","358545","343119","665635","339565","326070","36029","18980","17049","","","","","","","","","","","","","","","","","","","","","","","",""
"C4114","20","10","00000000","Pakaur *","0-4","95152","48078","47074","91440","46244","45196","3712","1834","1878","","","","","","","","","","","","","","","","","","","","","","","",""
"C4114","20","10","00000000","Pakaur *","5-9","111779","57899","53880","107161","55494","51667","4618","2405","2213","","","","","","","","","","","","","","","","","","","","","","","",""
"C4114","20","10","00000000","Pakaur *","10-14","89404","47548","41856","84541","45044","39497","4863","2504","2359","","","","","","","","","","","","","","","","","","","","","","","",""
"C4114","20","10","00000000","Pakaur *","15-19","58352","30992","27360","54742","29064","25678","3610","1928","1682","","","","","","","","","","","","","","","","","","","","","","","",""
"C4114","20","10","00000000","Pakaur *","20-24","53403","25431","27972","50293","23769","26524","3110","1662","1448","","","","","","","","","","","","","","","","","","","","","","","",""
"C4114","20","10","00000000","Pakaur *","25-29","53815","26078","27737","50969","24607","26362","2846","1471","1375","","","","","","","","","","","","","","","","","","","","","","","",""
"C4114","20","10","00000000","Pakaur *","30-34","52067","25730","26337","49370","24352","25018","2697","1378","1319","","","","","","","","","","","","","","","","","","","","","","","",""
"C4114","20","10","00000000","Pakaur *","35-39","48496","25036","23460","45863","23617","22246","2633","1419","1214","","","","","","","","","","","","","","","","","","","","","","","",""
"C4114","20","10","00000000","Pakaur *","40-44","38655","20846","17809","36498","19614","16884","2157","1232","925","","","","","","","","","","","","","","","","","","","","","","","",""
"C4114","20","10","00000000","Pakaur *","45-49","30825","16308","14517","29073","15276","13797","1752","1032","720","","","","","","","","","","","","","","","","","","","","","","","",""
"C4114","20","10","00000000","Pakaur *","50-54","22056","12088","9968","20877","11416","9461","1179","672","507","","","","","","","","","","","","","","","","","","","","","","","",""
"C4114","20","10","00000000","Pakaur *","55-59","15161","7296","7865","14301","6839","7462","860","457","403","","","","","","","","","","","","","","","","","","","","","","","",""
"C4114","20","10","00000000","Pakaur *","60-64","13960","6372","7588","13194","5998","7196","766","374","392","","","","","","","","","","","","","","","","","","","","","","","",""
"C4114","20","10","00000000","Pakaur *","65-69","7810","3488","4322","7307","3232","4075","503","256","247","","","","","","","","","","","","","","","","","","","","","","","",""
"C4114","20","10","00000000","Pakaur *","70-74","5221","2536","2685","4907","2388","2519","314","148","166","","","","","","","","","","","","","","","","","","","","","","","",""
"C4114","20","10","00000000","Pakaur *","75-79","1767","839","928","1588","751","837","179","88","91","","","","","","","","","","","","","","","","","","","","","","","",""
"C4114","20","10","00000000","Pakaur *","80+","2274","1144","1130","2071","1049","1022","203","95","108","","","","","","","","","","","","","","","","","","","","","","","",""
"C4114","20","10","00000000","Pakaur *","Age not stated","1467","836","631","1440","811","629","27","25","2","","","","","","","","","","","","","","","","","","","","","","","",""
"C4114","20","11","00000000","Dumka","All ages","1759602","897364","862238","1644690","836252","808438","114912","61112","53800","","","","","","","","","","","","","","","","","","","","","","","",""
"C4114","20","11","00000000","Dumka","0-4","208261","105000","103261","197170","99184","97986","11091","5816","5275","","","","","","","","","","","","","","","","","","","","","","","",""
"C4114","20","11","00000000","Dumka","5-9","254340","129026","125314","240687","122043","118644","13653","6983","6670","","","","","","","","","","","","","","","","","","","","","","","",""
"C4114","20","11","00000000","Dumka","10-14","219219","115494","103725","204617","107969","96648","14602","7525","7077","","","","","","","","","","","","","","","","","","","","","","","",""
"C4114","20","11","00000000","Dumka","15-19","149081","80737","68344","136881","73969","62912","12200","6768","5432","","","","","","","","","","","","","","","","","","","","","","","",""
"C4114","20","11","00000000","Dumka","20-24","138123","67123","71000","127598","61408","66190","10525","5715","4810","","","","","","","","","","","","","","","","","","","","","","","",""
"C4114","20","11","00000000","Dumka","25-29","138640","68004","70636","129172","63098","66074","9468","4906","4562","","","","","","","","","","","","","","","","","","","","","","","",""
"C4114","20","11","00000000","Dumka","30-34","134064","66272","67792","125462","61777","63685","8602","4495","4107","","","","","","","","","","","","","","","","","","","","","","","",""
"C4114","20","11","00000000","Dumka","35-39","123596","64733","58863","115246","60350","54896","8350","4383","3967","","","","","","","","","","","","","","","","","","","","","","","",""
"C4114","20","11","00000000","Dumka","40-44","97803","51931","45872","91010","48108","42902","6793","3823","2970","","","","","","","","","","","","","","","","","","","","","","","",""
"C4114","20","11","00000000","Dumka","45-49","82428","43217","39211","76718","39981","36737","5710","3236","2474","","","","","","","","","","","","","","","","","","","","","","","",""
"C4114","20","11","00000000","Dumka","50-54","62232","33378","28854","58158","31001","27157","4074","2377","1697","","","","","","","","","","","","","","","","","","","","","","","",""
"C4114","20","11","00000000","Dumka","55-59","46814","22493","24321","43823","20892","22931","2991","1601","1390","","","","","","","","","","","","","","","","","","","","","","","",""
"C4114","20","11","00000000","Dumka","60-64","43849","20667","23182","41322","19421","21901","2527","1246","1281","","","","","","","","","","","","","","","","","","","","","","","",""
"C4114","20","11","00000000","Dumka","65-69","26534","12030","14504","24781","11163","13618","1753","867","886","","","","","","","","","","","","","","","","","","","","","","","",""
"C4114","20","11","00000000","Dumka","70-74","18050","8854","9196","16851","8194","8657","1199","660","539","","","","","","","","","","","","","","","","","","","","","","","",""
"C4114","20","11","00000000","Dumka","75-79","6985","3366","3619","6415","3069","3346","570","297","273","","","","","","","","","","","","","","","","","","","","","","","",""
"C4114","20","11","00000000","Dumka","80+","8253","4317","3936","7572","3975","3597","681","342","339","","","","","","","","","","","","","","","","","","","","","","","",""
"C4114","20","11","00000000","Dumka","Age not stated","1330","722","608","1207","650","557","123","72","51","","","","","","","","","","","","","","","","","","","","","","","",""
"C4114","20","12","00000000","Dhanbad","All ages","2397102","1278946","1118156","1141744","598068","543676","1255358","680878","574480","","","","","","","","","","","","","","","","","","","","","","","",""
"C4114","20","12","00000000","Dhanbad","0-4","253402","129475","123927","133430","67827","65603","119972","61648","58324","","","","","","","","","","","","","","","","","","","","","","","",""
"C4114","20","12","00000000","Dhanbad","5-9","317405","163781","153624","162224","82893","79331","155181","80888","74293","","","","","","","","","","","","","","","","","","","","","","","",""
"C4114","20","12","00000000","Dhanbad","10-14","331803","174270","157533","157933","82292","75641","173870","91978","81892","","","","","","","","","","","","","","","","","","","","","","","",""
"C4114","20","12","00000000","Dhanbad","15-19","265045","148485","116560","117689","66036","51653","147356","82449","64907","","","","","","","","","","","","","","","","","","","","","","","",""
"C4114","20","12","00000000","Dhanbad","20-24","206060","114716","91344","93613","50231","43382","112447","64485","47962","","","","","","","","","","","","","","","","","","","","","","","",""
"C4114","20","12","00000000","Dhanbad","25-29","177720","94150","83570","85138","44319","40819","92582","49831","42751","","","","","","","","","","","","","","","","","","","","","","","",""
"C4114","20","12","00000000","Dhanbad","30-34","160396","81917","78479","77416","38895","38521","82980","43022","39958","","","","","","","","","","","","","","","","","","","","","","","",""
"C4114","20","12","00000000","Dhanbad","35-39","159492","82670","76822","74215","38476","35739","85277","44194","41083","","","","","","","","","","","","","","","","","","","","","","","",""
"C4114","20","12","00000000","Dhanbad","40-44","134894","71788","63106","60200","31456","28744","74694","40332","34362","","","","","","","","","","","","","","","","","","","","","","","",""
"C4114","20","12","00000000","Dhanbad","45-49","124411","69349","55062","54179","29452","24727","70232","39897","30335","","","","","","","","","","","","","","","","","","","","","","","",""
"C4114","20","12","00000000","Dhanbad","50-54","89720","53357","36363","39580","22186","17394","50140","31171","18969","","","","","","","","","","","","","","","","","","","","","","","",""
"C4114","20","12","00000000","Dhanbad","55-59","63724","37292","26432","29410","15942","13468","34314","21350","12964","","","","","","","","","","","","","","","","","","","","","","","",""
"C4114","20","12","00000000","Dhanbad","60-64","44339","22699","21640","22869","11033","11836","21470","11666","9804","","","","","","","","","","","","","","","","","","","","","","","",""
"C4114","20","12","00000000","Dhanbad","65-69","28925","14079","14846","14981","7116","7865","13944","6963","6981","","","","","","","","","","","","","","","","","","","","","","","",""
"C4114","20","12","00000000","Dhanbad","70-74","18773","9688","9085","9384","4811","4573","9389","4877","4512","","","","","","","","","","","","","","","","","","","","","","","",""
"C4114","20","12","00000000","Dhanbad","75-79","8233","4246","3987","3993","2055","1938","4240","2191","2049","","","","","","","","","","","","","","","","","","","","","","","",""
"C4114","20","12","00000000","Dhanbad","80+","9663","5074","4589","4265","2268","1997","5398","2806","2592","","","","","","","","","","","","","","","","","","","","","","","",""
"C4114","20","12","00000000","Dhanbad","Age not stated","3097","1910","1187","1225","780","445","1872","1130","742","","","","","","","","","","","","","","","","","","","","","","","",""
"C4114","20","12","41229000","Dhanbad (M)","All ages","199258","108512","90746","0","0","0","199258","108512","90746","","","","","","","","","","","","","","","","","","","","","","","",""
"C4114","20","12","41229000","Dhanbad (M)","0-4","17276","8970","8306","0","0","0","17276","8970","8306","","","","","","","","","","","","","","","","","","","","","","","",""
"C4114","20","12","41229000","Dhanbad (M)","5-9","21609","11288","10321","0","0","0","21609","11288","10321","","","","","","","","","","","","","","","","","","","","","","","",""
"C4114","20","12","41229000","Dhanbad (M)","10-14","24586","12873","11713","0","0","0","24586","12873","11713","","","","","","","","","","","","","","","","","","","","","","","",""
"C4114","20","12","41229000","Dhanbad (M)","15-19","22205","12297","9908","0","0","0","22205","12297","9908","","","","","","","","","","","","","","","","","","","","","","","",""
"C4114","20","12","41229000","Dhanbad (M)","20-24","18355","10535","7820","0","0","0","18355","10535","7820","","","","","","","","","","","","","","","","","","","","","","","",""
"C4114","20","12","41229000","Dhanbad (M)","25-29","16572","8794","7778","0","0","0","16572","8794","7778","","","","","","","","","","","","","","","","","","","","","","","",""
"C4114","20","12","41229000","Dhanbad (M)","30-34","15004","7944","7060","0","0","0","15004","7944","7060","","","","","","","","","","","","","","","","","","","","","","","",""
"C4114","20","12","41229000","Dhanbad (M)","35-39","15325","8280","7045","0","0","0","15325","8280","7045","","","","","","","","","","","","","","","","","","","","","","","",""
"C4114","20","12","41229000","Dhanbad (M)","40-44","12347","7067","5280","0","0","0","12347","7067","5280","","","","","","","","","","","","","","","","","","","","","","","",""
"C4114","20","12","41229000","Dhanbad (M)","45-49","10803","6249","4554","0","0","0","10803","6249","4554","","","","","","","","","","","","","","","","","","","","","","","",""
"C4114","20","12","41229000","Dhanbad (M)","50-54","7675","4611","3064","0","0","0","7675","4611","3064","","","","","","","","","","","","","","","","","","","","","","","",""
"C4114","20","12","41229000","Dhanbad (M)","55-59","5751","3379","2372","0","0","0","5751","3379","2372","","","","","","","","","","","","","","","","","","","","","","","",""
"C4114","20","12","41229000","Dhanbad (M)","60-64","4255","2365","1890","0","0","0","4255","2365","1890","","","","","","","","","","","","","","","","","","","","","","","",""
"C4114","20","12","41229000","Dhanbad (M)","65-69","3034","1558","1476","0","0","0","3034","1558","1476","","","","","","","","","","","","","","","","","","","","","","","",""
"C4114","20","12","41229000","Dhanbad (M)","70-74","2079","1102","977","0","0","0","2079","1102","977","","","","","","","","","","","","","","","","","","","","","","","",""
"C4114","20","12","41229000","Dhanbad (M)","75-79","1009","521","488","0","0","0","1009","521","488","","","","","","","","","","","","","","","","","","","","","","","",""
"C4114","20","12","41229000","Dhanbad (M)","80+","1231","599","632","0","0","0","1231","599","632","","","","","","","","","","","","","","","","","","","","","","","",""
"C4114","20","12","41229000","Dhanbad (M)","Age not stated","142","80","62","0","0","0","142","80","62","","","","","","","","","","","","","","","","","","","","","","","",""
"C4114","20","13","00000000","Bokaro *","All ages","1777662","938436","839226","973005","504881","468124","804657","433555","371102","","","","","","","","","","","","","","","","","","","","","","","",""
"C4114","20","13","00000000","Bokaro *","0-4","189029","96462","92567","116973","59059","57914","72056","37403","34653","","","","","","","","","","","","","","","","","","","","","","","",""
"C4114","20","13","00000000","Bokaro *","5-9","239792","123133","116659","144778","73837","70941","95014","49296","45718","","","","","","","","","","","","","","","","","","","","","","","",""
"C4114","20","13","00000000","Bokaro *","10-14","232111","120480","111631","126202","64835","61367","105909","55645","50264","","","","","","","","","","","","","","","","","","","","","","","",""
"C4114","20","13","00000000","Bokaro *","15-19","185371","104091","81280","87376","49874","37502","97995","54217","43778","","","","","","","","","","","","","","","","","","","","","","","",""
"C4114","20","13","00000000","Bokaro *","20-24","155792","84014","71778","76074","39603","36471","79718","44411","35307","","","","","","","","","","","","","","","","","","","","","","","",""
"C4114","20","13","00000000","Bokaro *","25-29","140534","73115","67419","77867","39644","38223","62667","33471","29196","","","","","","","","","","","","","","","","","","","","","","","",""
"C4114","20","13","00000000","Bokaro *","30-34","123689","63145","60544","70722","35311","35411","52967","27834","25133","","","","","","","","","","","","","","","","","","","","","","","",""
"C4114","20","13","00000000","Bokaro *","35-39","117855","61962","55893","65026","34838","30188","52829","27124","25705","","","","","","","","","","","","","","","","","","","","","","","",""
"C4114","20","13","00000000","Bokaro *","40-44","96547","49643","46904","49114","25573","23541","47433","24070","23363","","","","","","","","","","","","","","","","","","","","","","","",""
"C4114","20","13","00000000","Bokaro *","45-49","91974","48411","43563","42759","22647","20112","49215","25764","23451","","","","","","","","","","","","","","","","","","","","","","","",""
"C4114","20","13","00000000","Bokaro *","50-54","69843","41425","28418","32082","17117","14965","37761","24308","13453","","","","","","","","","","","","","","","","","","","","","","","",""
"C4114","20","13","00000000","Bokaro *","55-59","48423","28192","20231","25967","13029","12938","22456","15163","7293","","","","","","","","","","","","","","","","","","","","","","","",""
"C4114","20","13","00000000","Bokaro *","60-64","34389","17900","16489","23352","11803","11549","11037","6097","4940","","","","","","","","","","","","","","","","","","","","","","","",""
"C4114","20","13","00000000","Bokaro *","65-69","21203","10406","10797","14552","7074","7478","6651","3332","3319","","","","","","","","","","","","","","","","","","","","","","","",""
"C4114","20","13","00000000","Bokaro *","70-74","14814","7716","7098","10047","5324","4723","4767","2392","2375","","","","","","","","","","","","","","","","","","","","","","","",""
"C4114","20","13","00000000","Bokaro *","75-79","6469","3195","3274","4137","2098","2039","2332","1097","1235","","","","","","","","","","","","","","","","","","","","","","","",""
"C4114","20","13","00000000","Bokaro *","80+","8601","4439","4162","5187","2757","2430","3414","1682","1732","","","","","","","","","","","","","","","","","","","","","","","",""
"C4114","20","13","00000000","Bokaro *","Age not stated","1226","707","519","790","458","332","436","249","187","","","","","","","","","","","","","","","","","","","","","","","",""
"C4114","20","13","41311000","Bokaro Steel City (CT)","All ages","393805","213231","180574","0","0","0","393805","213231","180574","","","","","","","","","","","","","","","","","","","","","","","",""
"C4114","20","13","41311000","Bokaro Steel City (CT)","0-4","31343","16369","14974","0","0","0","31343","16369","14974","","","","","","","","","","","","","","","","","","","","","","","",""
"C4114","20","13","41311000","Bokaro Steel City (CT)","5-9","41194","21670","19524","0","0","0","41194","21670","19524","","","","","","","","","","","","","","","","","","","","","","","",""
"C4114","20","13","41311000","Bokaro Steel City (CT)","10-14","49325","26159","23166","0","0","0","49325","26159","23166","","","","","","","","","","","","","","","","","","","","","","","",""
"C4114","20","13","41311000","Bokaro Steel City (CT)","15-19","52314","28747","23567","0","0","0","52314","28747","23567","","","","","","","","","","","","","","","","","","","","","","","",""
"C4114","20","13","41311000","Bokaro Steel City (CT)","20-24","43595","24180","19415","0","0","0","43595","24180","19415","","","","","","","","","","","","","","","","","","","","","","","",""
"C4114","20","13","41311000","Bokaro Steel City (CT)","25-29","30472","16825","13647","0","0","0","30472","16825","13647","","","","","","","","","","","","","","","","","","","","","","","",""
"C4114","20","13","41311000","Bokaro Steel City (CT)","30-34","23254","12506","10748","0","0","0","23254","12506","10748","","","","","","","","","","","","","","","","","","","","","","","",""
"C4114","20","13","41311000","Bokaro Steel City (CT)","35-39","23395","11513","11882","0","0","0","23395","11513","11882","","","","","","","","","","","","","","","","","","","","","","","",""
"C4114","20","13","41311000","Bokaro Steel City (CT)","40-44","23798","11001","12797","0","0","0","23798","11001","12797","","","","","","","","","","","","","","","","","","","","","","","",""
"C4114","20","13","41311000","Bokaro Steel City (CT)","45-49","28524","13934","14590","0","0","0","28524","13934","14590","","","","","","","","","","","","","","","","","","","","","","","",""
"C4114","20","13","41311000","Bokaro Steel City (CT)","50-54","23258","15696","7562","0","0","0","23258","15696","7562","","","","","","","","","","","","","","","","","","","","","","","",""
"C4114","20","13","41311000","Bokaro Steel City (CT)","55-59","11791","8792","2999","0","0","0","11791","8792","2999","","","","","","","","","","","","","","","","","","","","","","","",""
"C4114","20","13","41311000","Bokaro Steel City (CT)","60-64","4119","2392","1727","0","0","0","4119","2392","1727","","","","","","","","","","","","","","","","","","","","","","","",""
"C4114","20","13","41311000","Bokaro Steel City (CT)","65-69","2410","1160","1250","0","0","0","2410","1160","1250","","","","","","","","","","","","","","","","","","","","","","","",""
"C4114","20","13","41311000","Bokaro Steel City (CT)","70-74","2026","934","1092","0","0","0","2026","934","1092","","","","","","","","","","","","","","","","","","","","","","","",""
"C4114","20","13","41311000","Bokaro Steel City (CT)","75-79","1043","438","605","0","0","0","1043","438","605","","","","","","","","","","","","","","","","","","","","","","","",""
"C4114","20","13","41311000","Bokaro Steel City (CT)","80+","1703","783","920","0","0","0","1703","783","920","","","","","","","","","","","","","","","","","","","","","","","",""
"C4114","20","13","41311000","Bokaro Steel City (CT)","Age not stated","241","132","109","0","0","0","241","132","109","","","","","","","","","","","","","","","","","","","","","","","",""
"C4114","20","14","00000000","Ranchi","All ages","2785064","1436976","1348088","1807243","916347","890896","977821","520629","457192","","","","","","","","","","","","","","","","","","","","","","","",""
"C4114","20","14","00000000","Ranchi","0-4","302609","153597","149012","214405","108230","106175","88204","45367","42837","","","","","","","","","","","","","","","","","","","","","","","",""
"C4114","20","14","00000000","Ranchi","5-9","372705","191152","181553","262960","134079","128881","109745","57073","52672","","","","","","","","","","","","","","","","","","","","","","","",""
"C4114","20","14","00000000","Ranchi","10-14","363172","186943","176229","239744","122821","116923","123428","64122","59306","","","","","","","","","","","","","","","","","","","","","","","",""
"C4114","20","14","00000000","Ranchi","15-19","275841","146502","129339","163773","86336","77437","112068","60166","51902","","","","","","","","","","","","","","","","","","","","","","","",""
"C4114","20","14","00000000","Ranchi","20-24","231458","119269","112189","131728","65278","66450","99730","53991","45739","","","","","","","","","","","","","","","","","","","","","","","",""
"C4114","20","14","00000000","Ranchi","25-29","219799","111406","108393","133700","66041","67659","86099","45365","40734","","","","","","","","","","","","","","","","","","","","","","","",""
"C4114","20","14","00000000","Ranchi","30-34","198081","98403","99678","125279","60247","65032","72802","38156","34646","","","","","","","","","","","","","","","","","","","","","","","",""
"C4114","20","14","00000000","Ranchi","35-39","187736","97284","90452","119740","61206","58534","67996","36078","31918","","","","","","","","","","","","","","","","","","","","","","","",""
"C4114","20","14","00000000","Ranchi","40-44","149193","78431","70762","95037","48712","46325","54156","29719","24437","","","","","","","","","","","","","","","","","","","","","","","",""
"C4114","20","14","00000000","Ranchi","45-49","130268","69868","60400","83272","43848","39424","46996","26020","20976","","","","","","","","","","","","","","","","","","","","","","","",""
"C4114","20","14","00000000","Ranchi","50-54","99241","53528","45713","64240","33817","30423","35001","19711","15290","","","","","","","","","","","","","","","","","","","","","","","",""
"C4114","20","14","00000000","Ranchi","55-59","77386","40045","37341","51172","25267","25905","26214","14778","11436","","","","","","","","","","","","","","","","","","","","","","","",""
"C4114","20","14","00000000","Ranchi","60-64","68155","34474","33681","47943","23304","24639","20212","11170","9042","","","","","","","","","","","","","","","","","","","","","","","",""
"C4114","20","14","00000000","Ranchi","65-69","43037","21308","21729","29627","14146","15481","13410","7162","6248","","","","","","","","","","","","","","","","","","","","","","","",""
"C4114","20","14","00000000","Ranchi","70-74","30722","15797","14925","21583","10890","10693","9139","4907","4232","","","","","","","","","","","","","","","","","","","","","","","",""
"C4114","20","14","00000000","Ranchi","75-79","13641","6888","6753","9158","4514","4644","4483","2374","2109","","","","","","","","","","","","","","","","","","","","","","","",""
"C4114","20","14","00000000","Ranchi","80+","16738","9003","7735","11099","6027","5072","5639","2976","2663","","","","","","","","","","","","","","","","","","","","","","","",""
"C4114","20","14","00000000","Ranchi","Age not stated","5282","3078","2204","2783","1584","1199","2499","1494","1005","","","","","","","","","","","","","","","","","","","","","","","",""
"C4114","20","14","41404000","Ranchi (M Corp.)","All ages","847093","450727","396366","0","0","0","847093","450727","396366","","","","","","","","","","","","","","","","","","","","","","","",""
"C4114","20","14","41404000","Ranchi (M Corp.)","0-4","75139","38685","36454","0","0","0","75139","38685","36454","","","","","","","","","","","","","","","","","","","","","","","",""
"C4114","20","14","41404000","Ranchi (M Corp.)","5-9","93519","48650","44869","0","0","0","93519","48650","44869","","","","","","","","","","","","","","","","","","","","","","","",""
"C4114","20","14","41404000","Ranchi (M Corp.)","10-14","104995","54332","50663","0","0","0","104995","54332","50663","","","","","","","","","","","","","","","","","","","","","","","",""
"C4114","20","14","41404000","Ranchi (M Corp.)","15-19","97310","52072","45238","0","0","0","97310","52072","45238","","","","","","","","","","","","","","","","","","","","","","","",""
"C4114","20","14","41404000","Ranchi (M Corp.)","20-24","87937","47555","40382","0","0","0","87937","47555","40382","","","","","","","","","","","","","","","","","","","","","","","",""
"C4114","20","14","41404000","Ranchi (M Corp.)","25-29","75786","39928","35858","0","0","0","75786","39928","35858","","","","","","","","","","","","","","","","","","","","","","","",""
"C4114","20","14","41404000","Ranchi (M Corp.)","30-34","63587","33425","30162","0","0","0","63587","33425","30162","","","","","","","","","","","","","","","","","","","","","","","",""
"C4114","20","14","41404000","Ranchi (M Corp.)","35-39","59069","31446","27623","0","0","0","59069","31446","27623","","","","","","","","","","","","","","","","","","","","","","","",""
"C4114","20","14","41404000","Ranchi (M Corp.)","40-44","46846","25730","21116","0","0","0","46846","25730","21116","","","","","","","","","","","","","","","","","","","","","","","",""
"C4114","20","14","41404000","Ranchi (M Corp.)","45-49","40560","22328","18232","0","0","0","40560","22328","18232","","","","","","","","","","","","","","","","","","","","","","","",""
"C4114","20","14","41404000","Ranchi (M Corp.)","50-54","30358","16954","13404","0","0","0","30358","16954","13404","","","","","","","","","","","","","","","","","","","","","","","",""
"C4114","20","14","41404000","Ranchi (M Corp.)","55-59","22997","12863","10134","0","0","0","22997","12863","10134","","","","","","","","","","","","","","","","","","","","","","","",""
"C4114","20","14","41404000","Ranchi (M Corp.)","60-64","17967","10014","7953","0","0","0","17967","10014","7953","","","","","","","","","","","","","","","","","","","","","","","",""
"C4114","20","14","41404000","Ranchi (M Corp.)","65-69","12035","6484","5551","0","0","0","12035","6484","5551","","","","","","","","","","","","","","","","","","","","","","","",""
"C4114","20","14","41404000","Ranchi (M Corp.)","70-74","8110","4396","3714","0","0","0","8110","4396","3714","","","","","","","","","","","","","","","","","","","","","","","",""
"C4114","20","14","41404000","Ranchi (M Corp.)","75-79","3961","2123","1838","0","0","0","3961","2123","1838","","","","","","","","","","","","","","","","","","","","","","","",""
"C4114","20","14","41404000","Ranchi (M Corp.)","80+","4986","2624","2362","0","0","0","4986","2624","2362","","","","","","","","","","","","","","","","","","","","","","","",""
"C4114","20","14","41404000","Ranchi (M Corp.)","Age not stated","1931","1118","813","0","0","0","1931","1118","813","","","","","","","","","","","","","","","","","","","","","","","",""
"C4114","20","15","00000000","Lohardaga","All ages","364521","184507","180014","318325","160598","157727","46196","23909","22287","","","","","","","","","","","","","","","","","","","","","","","",""
"C4114","20","15","00000000","Lohardaga","0-4","47741","24223","23518","43138","21868","21270","4603","2355","2248","","","","","","","","","","","","","","","","","","","","","","","",""
"C4114","20","15","00000000","Lohardaga","5-9","58062","30083","27979","52012","26972","25040","6050","3111","2939","","","","","","","","","","","","","","","","","","","","","","","",""
"C4114","20","15","00000000","Lohardaga","10-14","51500","26572","24928","44720","23106","21614","6780","3466","3314","","","","","","","","","","","","","","","","","","","","","","","",""
"C4114","20","15","00000000","Lohardaga","15-19","33398","17607","15791","28022","14801","13221","5376","2806","2570","","","","","","","","","","","","","","","","","","","","","","","",""
"C4114","20","15","00000000","Lohardaga","20-24","25286","12346","12940","20832","10134","10698","4454","2212","2242","","","","","","","","","","","","","","","","","","","","","","","",""
"C4114","20","15","00000000","Lohardaga","25-29","24671","12127","12544","20974","10273","10701","3697","1854","1843","","","","","","","","","","","","","","","","","","","","","","","",""
"C4114","20","15","00000000","Lohardaga","30-34","23193","10815","12378","19912","9111","10801","3281","1704","1577","","","","","","","","","","","","","","","","","","","","","","","",""
"C4114","20","15","00000000","Lohardaga","35-39","22769","11571","11198","19746","9983","9763","3023","1588","1435","","","","","","","","","","","","","","","","","","","","","","","",""
"C4114","20","15","00000000","Lohardaga","40-44","17467","8706","8761","15226","7446","7780","2241","1260","981","","","","","","","","","","","","","","","","","","","","","","","",""
"C4114","20","15","00000000","Lohardaga","45-49","15593","8052","7541","13659","7006","6653","1934","1046","888","","","","","","","","","","","","","","","","","","","","","","","",""
"C4114","20","15","00000000","Lohardaga","50-54","11831","6056","5775","10447","5278","5169","1384","778","606","","","","","","","","","","","","","","","","","","","","","","","",""
"C4114","20","15","00000000","Lohardaga","55-59","10006","4945","5061","8962","4380","4582","1044","565","479","","","","","","","","","","","","","","","","","","","","","","","",""
"C4114","20","15","00000000","Lohardaga","60-64","8810","4212","4598","7961","3807","4154","849","405","444","","","","","","","","","","","","","","","","","","","","","","","",""
"C4114","20","15","00000000","Lohardaga","65-69","5986","2895","3091","5394","2600","2794","592","295","297","","","","","","","","","","","","","","","","","","","","","","","",""
"C4114","20","15","00000000","Lohardaga","70-74","4134","2076","2058","3712","1873","1839","422","203","219","","","","","","","","","","","","","","","","","","","","","","","",""
"C4114","20","15","00000000","Lohardaga","75-79","1824","971","853","1644","870","774","180","101","79","","","","","","","","","","","","","","","","","","","","","","","",""
"C4114","20","15","00000000","Lohardaga","80+","1998","1104","894","1733","955","778","265","149","116","","","","","","","","","","","","","","","","","","","","","","","",""
"C4114","20","15","00000000","Lohardaga","Age not stated","252","146","106","231","135","96","21","11","10","","","","","","","","","","","","","","","","","","","","","","","",""
"C4114","20","16","00000000","Gumla","All ages","1346767","675769","670998","1273025","637623","635402","73742","38146","35596","","","","","","","","","","","","","","","","","","","","","","","",""
"C4114","20","16","00000000","Gumla","0-4","161962","81610","80352","154456","77802","76654","7506","3808","3698","","","","","","","","","","","","","","","","","","","","","","","",""
"C4114","20","16","00000000","Gumla","5-9","195380","99022","96358","185937","94216","91721","9443","4806","4637","","","","","","","","","","","","","","","","","","","","","","","",""
"C4114","20","16","00000000","Gumla","10-14","175629","89864","85765","164543","84183","80360","11086","5681","5405","","","","","","","","","","","","","","","","","","","","","","","",""
"C4114","20","16","00000000","Gumla","15-19","117775","60277","57498","109344","55840","53504","8431","4437","3994","","","","","","","","","","","","","","","","","","","","","","","",""
"C4114","20","16","00000000","Gumla","20-24","92046","44413","47633","85615","41169","44446","6431","3244","3187","","","","","","","","","","","","","","","","","","","","","","","",""
"C4114","20","16","00000000","Gumla","25-29","93437","45377","48060","87795","42537","45258","5642","2840","2802","","","","","","","","","","","","","","","","","","","","","","","",""
"C4114","20","16","00000000","Gumla","30-34","90666","42375","48291","85338","39720","45618","5328","2655","2673","","","","","","","","","","","","","","","","","","","","","","","",""
"C4114","20","16","00000000","Gumla","35-39","90448","45871","44577","85433","43235","42198","5015","2636","2379","","","","","","","","","","","","","","","","","","","","","","","",""
"C4114","20","16","00000000","Gumla","40-44","73526","37193","36333","69721","35102","34619","3805","2091","1714","","","","","","","","","","","","","","","","","","","","","","","",""
"C4114","20","16","00000000","Gumla","45-49","65188","34042","31146","62062","32323","29739","3126","1719","1407","","","","","","","","","","","","","","","","","","","","","","","",""
"C4114","20","16","00000000","Gumla","50-54","50592","26470","24122","48333","25160","23173","2259","1310","949","","","","","","","","","","","","","","","","","","","","","","","",""
"C4114","20","16","00000000","Gumla","55-59","41609","20441","21168","39960","19544","20416","1649","897","752","","","","","","","","","","","","","","","","","","","","","","","",""
"C4114","20","16","00000000","Gumla","60-64","39340","18944","20396","37862","18215","19647","1478","729","749","","","","","","","","","","","","","","","","","","","","","","","",""
"C4114","20","16","00000000","Gumla","65-69","24718","11853","12865","23781","11380","12401","937","473","464","","","","","","","","","","","","","","","","","","","","","","","",""
"C4114","20","16","00000000","Gumla","70-74","17152","8639","8513","16393","8252","8141","759","387","372","","","","","","","","","","","","","","","","","","","","","","","",""
"C4114","20","16","00000000","Gumla","75-79","7067","3659","3408","6744","3479","3265","323","180","143","","","","","","","","","","","","","","","","","","","","","","","",""
"C4114","20","16","00000000","Gumla","80+","7935","4256","3679","7539","4067","3472","396","189","207","","","","","","","","","","","","","","","","","","","","","","","",""
"C4114","20","16","00000000","Gumla","Age not stated","2297","1463","834","2169","1399","770","128","64","64","","","","","","","","","","","","","","","","","","","","","","","",""
"C4114","20","17","00000000","Pashchimi Singhbhum","All ages","2082795","1054641","1028154","1731897","869454","862443","350898","185187","165711","","","","","","","","","","","","","","","","","","","","","","","",""
"C4114","20","17","00000000","Pashchimi Singhbhum","0-4","249509","126345","123164","216608","109313","107295","32901","17032","15869","","","","","","","","","","","","","","","","","","","","","","","",""
"C4114","20","17","00000000","Pashchimi Singhbhum","5-9","297892","151840","146052","256977","130756","126221","40915","21084","19831","","","","","","","","","","","","","","","","","","","","","","","",""
"C4114","20","17","00000000","Pashchimi Singhbhum","10-14","264209","136704","127505","221307","114367","106940","42902","22337","20565","","","","","","","","","","","","","","","","","","","","","","","",""
"C4114","20","17","00000000","Pashchimi Singhbhum","15-19","191352","100234","91118","153364","80063","73301","37988","20171","17817","","","","","","","","","","","","","","","","","","","","","","","",""
"C4114","20","17","00000000","Pashchimi Singhbhum","20-24","158151","77923","80228","124781","60230","64551","33370","17693","15677","","","","","","","","","","","","","","","","","","","","","","","",""
"C4114","20","17","00000000","Pashchimi Singhbhum","25-29","161472","79989","81483","130611","64125","66486","30861","15864","14997","","","","","","","","","","","","","","","","","","","","","","","",""
"C4114","20","17","00000000","Pashchimi Singhbhum","30-34","149099","71942","77157","121960","57842","64118","27139","14100","13039","","","","","","","","","","","","","","","","","","","","","","","",""
"C4114","20","17","00000000","Pashchimi Singhbhum","35-39","147128","75893","71235","121164","61888","59276","25964","14005","11959","","","","","","","","","","","","","","","","","","","","","","","",""
"C4114","20","17","00000000","Pashchimi Singhbhum","40-44","112784","59351","53433","92894","48383","44511","19890","10968","8922","","","","","","","","","","","","","","","","","","","","","","","",""
"C4114","20","17","00000000","Pashchimi Singhbhum","45-49","99337","52629","46708","81874","42858","39016","17463","9771","7692","","","","","","","","","","","","","","","","","","","","","","","",""
"C4114","20","17","00000000","Pashchimi Singhbhum","50-54","73001","37849","35152","60379","30702","29677","12622","7147","5475","","","","","","","","","","","","","","","","","","","","","","","",""
"C4114","20","17","00000000","Pashchimi Singhbhum","55-59","57617","28525","29092","47880","23010","24870","9737","5515","4222","","","","","","","","","","","","","","","","","","","","","","","",""
"C4114","20","17","00000000","Pashchimi Singhbhum","60-64","49376","22327","27049","42280","18750","23530","7096","3577","3519","","","","","","","","","","","","","","","","","","","","","","","",""
"C4114","20","17","00000000","Pashchimi Singhbhum","65-69","31189","13864","17325","26162","11449","14713","5027","2415","2612","","","","","","","","","","","","","","","","","","","","","","","",""
"C4114","20","17","00000000","Pashchimi Singhbhum","70-74","19958","9061","10897","16738","7459","9279","3220","1602","1618","","","","","","","","","","","","","","","","","","","","","","","",""
"C4114","20","17","00000000","Pashchimi Singhbhum","75-79","8433","3969","4464","6829","3177","3652","1604","792","812","","","","","","","","","","","","","","","","","","","","","","","",""
"C4114","20","17","00000000","Pashchimi Singhbhum","80+","10229","4931","5298","8260","3959","4301","1969","972","997","","","","","","","","","","","","","","","","","","","","","","","",""
"C4114","20","17","00000000","Pashchimi Singhbhum","Age not stated","2059","1265","794","1829","1123","706","230","142","88","","","","","","","","","","","","","","","","","","","","","","","",""
"C4114","20","17","41704000","Adityapur (NA)","All ages","119233","63837","55396","0","0","0","119233","63837","55396","","","","","","","","","","","","","","","","","","","","","","","",""
"C4114","20","17","41704000","Adityapur (NA)","0-4","11687","6070","5617","0","0","0","11687","6070","5617","","","","","","","","","","","","","","","","","","","","","","","",""
"C4114","20","17","41704000","Adityapur (NA)","5-9","14298","7439","6859","0","0","0","14298","7439","6859","","","","","","","","","","","","","","","","","","","","","","","",""
"C4114","20","17","41704000","Adityapur (NA)","10-14","13976","7419","6557","0","0","0","13976","7419","6557","","","","","","","","","","","","","","","","","","","","","","","",""
"C4114","20","17","41704000","Adityapur (NA)","15-19","12039","6601","5438","0","0","0","12039","6601","5438","","","","","","","","","","","","","","","","","","","","","","","",""
"C4114","20","17","41704000","Adityapur (NA)","20-24","11520","6293","5227","0","0","0","11520","6293","5227","","","","","","","","","","","","","","","","","","","","","","","",""
"C4114","20","17","41704000","Adityapur (NA)","25-29","11050","5642","5408","0","0","0","11050","5642","5408","","","","","","","","","","","","","","","","","","","","","","","",""
"C4114","20","17","41704000","Adityapur (NA)","30-34","9812","5091","4721","0","0","0","9812","5091","4721","","","","","","","","","","","","","","","","","","","","","","","",""
"C4114","20","17","41704000","Adityapur (NA)","35-39","8993","5007","3986","0","0","0","8993","5007","3986","","","","","","","","","","","","","","","","","","","","","","","",""
"C4114","20","17","41704000","Adityapur (NA)","40-44","6720","3749","2971","0","0","0","6720","3749","2971","","","","","","","","","","","","","","","","","","","","","","","",""
"C4114","20","17","41704000","Adityapur (NA)","45-49","5677","3204","2473","0","0","0","5677","3204","2473","","","","","","","","","","","","","","","","","","","","","","","",""
"C4114","20","17","41704000","Adityapur (NA)","50-54","4201","2394","1807","0","0","0","4201","2394","1807","","","","","","","","","","","","","","","","","","","","","","","",""
"C4114","20","17","41704000","Adityapur (NA)","55-59","3081","1724","1357","0","0","0","3081","1724","1357","","","","","","","","","","","","","","","","","","","","","","","",""
"C4114","20","17","41704000","Adityapur (NA)","60-64","2333","1272","1061","0","0","0","2333","1272","1061","","","","","","","","","","","","","","","","","","","","","","","",""
"C4114","20","17","41704000","Adityapur (NA)","65-69","1517","769","748","0","0","0","1517","769","748","","","","","","","","","","","","","","","","","","","","","","","",""
"C4114","20","17","41704000","Adityapur (NA)","70-74","975","483","492","0","0","0","975","483","492","","","","","","","","","","","","","","","","","","","","","","","",""
"C4114","20","17","41704000","Adityapur (NA)","75-79","516","250","266","0","0","0","516","250","266","","","","","","","","","","","","","","","","","","","","","","","",""
"C4114","20","17","41704000","Adityapur (NA)","80+","748","374","374","0","0","0","748","374","374","","","","","","","","","","","","","","","","","","","","","","","",""
"C4114","20","17","41704000","Adityapur (NA)","Age not stated","90","56","34","0","0","0","90","56","34","","","","","","","","","","","","","","","","","","","","","","","",""
"C4114","20","18","00000000","Purbi Singhbhum","All ages","1982988","1027433","955555","891784","453806","437978","1091204","573627","517577","","","","","","","","","","","","","","","","","","","","","","","",""
"C4114","20","18","00000000","Purbi Singhbhum","0-4","190115","97519","92596","96214","48847","47367","93901","48672","45229","","","","","","","","","","","","","","","","","","","","","","","",""
"C4114","20","18","00000000","Purbi Singhbhum","5-9","227899","117494","110405","113265","57895","55370","114634","59599","55035","","","","","","","","","","","","","","","","","","","","","","","",""
"C4114","20","18","00000000","Purbi Singhbhum","10-14","226302","117105","109197","101945","52595","49350","124357","64510","59847","","","","","","","","","","","","","","","","","","","","","","","",""
"C4114","20","18","00000000","Purbi Singhbhum","15-19","195946","104555","91391","78440","42553","35887","117506","62002","55504","","","","","","","","","","","","","","","","","","","","","","","",""
"C4114","20","18","00000000","Purbi Singhbhum","20-24","178754","91439","87315","71909","35393","36516","106845","56046","50799","","","","","","","","","","","","","","","","","","","","","","","",""
"C4114","20","18","00000000","Purbi Singhbhum","25-29","177315","89519","87796","77782","38508","39274","99533","51011","48522","","","","","","","","","","","","","","","","","","","","","","","",""
"C4114","20","18","00000000","Purbi Singhbhum","30-34","154061","79605","74456","69798","35207","34591","84263","44398","39865","","","","","","","","","","","","","","","","","","","","","","","",""
"C4114","20","18","00000000","Purbi Singhbhum","35-39","145413","75398","70015","65872","34392","31480","79541","41006","38535","","","","","","","","","","","","","","","","","","","","","","","",""
"C4114","20","18","00000000","Purbi Singhbhum","40-44","112184","60391","51793","48915","26132","22783","63269","34259","29010","","","","","","","","","","","","","","","","","","","","","","","",""
"C4114","20","18","00000000","Purbi Singhbhum","45-49","102477","54907","47570","44416","23417","20999","58061","31490","26571","","","","","","","","","","","","","","","","","","","","","","","",""
"C4114","20","18","00000000","Purbi Singhbhum","50-54","76281","40957","35324","33321","17089","16232","42960","23868","19092","","","","","","","","","","","","","","","","","","","","","","","",""
"C4114","20","18","00000000","Purbi Singhbhum","55-59","60603","31987","28616","26404","12854","13550","34199","19133","15066","","","","","","","","","","","","","","","","","","","","","","","",""
"C4114","20","18","00000000","Purbi Singhbhum","60-64","49915","24865","25050","23794","10854","12940","26121","14011","12110","","","","","","","","","","","","","","","","","","","","","","","",""
"C4114","20","18","00000000","Purbi Singhbhum","65-69","34805","16683","18122","16515","7268","9247","18290","9415","8875","","","","","","","","","","","","","","","","","","","","","","","",""
"C4114","20","18","00000000","Purbi Singhbhum","70-74","22864","10940","11924","11078","4939","6139","11786","6001","5785","","","","","","","","","","","","","","","","","","","","","","","",""
"C4114","20","18","00000000","Purbi Singhbhum","75-79","11126","5378","5748","5107","2347","2760","6019","3031","2988","","","","","","","","","","","","","","","","","","","","","","","",""
"C4114","20","18","00000000","Purbi Singhbhum","80+","13296","6580","6716","5721","2781","2940","7575","3799","3776","","","","","","","","","","","","","","","","","","","","","","","",""
"C4114","20","18","00000000","Purbi Singhbhum","Age not stated","3632","2111","1521","1288","735","553","2344","1376","968","","","","","","","","","","","","","","","","","","","","","","","",""
"C4114","20","18","41801000","Mango (NA)","All ages","166125","87375","78750","0","0","0","166125","87375","78750","","","","","","","","","","","","","","","","","","","","","","","",""
"C4114","20","18","41801000","Mango (NA)","0-4","16811","8537","8274","0","0","0","16811","8537","8274","","","","","","","","","","","","","","","","","","","","","","","",""
"C4114","20","18","41801000","Mango (NA)","5-9","20770","10763","10007","0","0","0","20770","10763","10007","","","","","","","","","","","","","","","","","","","","","","","",""
"C4114","20","18","41801000","Mango (NA)","10-14","21273","11111","10162","0","0","0","21273","11111","10162","","","","","","","","","","","","","","","","","","","","","","","",""
"C4114","20","18","41801000","Mango (NA)","15-19","18231","9603","8628","0","0","0","18231","9603","8628","","","","","","","","","","","","","","","","","","","","","","","",""
"C4114","20","18","41801000","Mango (NA)","20-24","16149","8672","7477","0","0","0","16149","8672","7477","","","","","","","","","","","","","","","","","","","","","","","",""
"C4114","20","18","41801000","Mango (NA)","25-29","14466","7268","7198","0","0","0","14466","7268","7198","","","","","","","","","","","","","","","","","","","","","","","",""
"C4114","20","18","41801000","Mango (NA)","30-34","12206","6459","5747","0","0","0","12206","6459","5747","","","","","","","","","","","","","","","","","","","","","","","",""
"C4114","20","18","41801000","Mango (NA)","35-39","11579","6192","5387","0","0","0","11579","6192","5387","","","","","","","","","","","","","","","","","","","","","","","",""
"C4114","20","18","41801000","Mango (NA)","40-44","8331","4724","3607","0","0","0","8331","4724","3607","","","","","","","","","","","","","","","","","","","","","","","",""
"C4114","20","18","41801000","Mango (NA)","45-49","7226","3960","3266","0","0","0","7226","3960","3266","","","","","","","","","","","","","","","","","","","","","","","",""
"C4114","20","18","41801000","Mango (NA)","50-54","5096","2838","2258","0","0","0","5096","2838","2258","","","","","","","","","","","","","","","","","","","","","","","",""
"C4114","20","18","41801000","Mango (NA)","55-59","4145","2081","2064","0","0","0","4145","2081","2064","","","","","","","","","","","","","","","","","","","","","","","",""
"C4114","20","18","41801000","Mango (NA)","60-64","3591","1909","1682","0","0","0","3591","1909","1682","","","","","","","","","","","","","","","","","","","","","","","",""
"C4114","20","18","41801000","Mango (NA)","65-69","2609","1354","1255","0","0","0","2609","1354","1255","","","","","","","","","","","","","","","","","","","","","","","",""
"C4114","20","18","41801000","Mango (NA)","70-74","1681","893","788","0","0","0","1681","893","788","","","","","","","","","","","","","","","","","","","","","","","",""
"C4114","20","18","41801000","Mango (NA)","75-79","732","360","372","0","0","0","732","360","372","","","","","","","","","","","","","","","","","","","","","","","",""
"C4114","20","18","41801000","Mango (NA)","80+","1052","553","499","0","0","0","1052","553","499","","","","","","","","","","","","","","","","","","","","","","","",""
"C4114","20","18","41801000","Mango (NA)","Age not stated","177","98","79","0","0","0","177","98","79","","","","","","","","","","","","","","","","","","","","","","","",""
"C4114","20","18","41802000","Jamshedpur (NA+OG)","All ages","612534","322662","289872","0","0","0","612534","322662","289872","","","","","","","","","","","","","","","","","","","","","","","",""
"C4114","20","18","41802000","Jamshedpur (NA+OG)","0-4","48511","25540","22971","0","0","0","48511","25540","22971","","","","","","","","","","","","","","","","","","","","","","","",""
"C4114","20","18","41802000","Jamshedpur (NA+OG)","5-9","59570","31174","28396","0","0","0","59570","31174","28396","","","","","","","","","","","","","","","","","","","","","","","",""
"C4114","20","18","41802000","Jamshedpur (NA+OG)","10-14","66196","34246","31950","0","0","0","66196","34246","31950","","","","","","","","","","","","","","","","","","","","","","","",""
"C4114","20","18","41802000","Jamshedpur (NA+OG)","15-19","65597","34554","31043","0","0","0","65597","34554","31043","","","","","","","","","","","","","","","","","","","","","","","",""
"C4114","20","18","41802000","Jamshedpur (NA+OG)","20-24","60184","31505","28679","0","0","0","60184","31505","28679","","","","","","","","","","","","","","","","","","","","","","","",""
"C4114","20","18","41802000","Jamshedpur (NA+OG)","25-29","56478","29000","27478","0","0","0","56478","29000","27478","","","","","","","","","","","","","","","","","","","","","","","",""
"C4114","20","18","41802000","Jamshedpur (NA+OG)","30-34","48174","25339","22835","0","0","0","48174","25339","22835","","","","","","","","","","","","","","","","","","","","","","","",""
"C4114","20","18","41802000","Jamshedpur (NA+OG)","35-39","45715","23303","22412","0","0","0","45715","23303","22412","","","","","","","","","","","","","","","","","","","","","","","",""
"C4114","20","18","41802000","Jamshedpur (NA+OG)","40-44","37590","20366","17224","0","0","0","37590","20366","17224","","","","","","","","","","","","","","","","","","","","","","","",""
"C4114","20","18","41802000","Jamshedpur (NA+OG)","45-49","34656","18735","15921","0","0","0","34656","18735","15921","","","","","","","","","","","","","","","","","","","","","","","",""
"C4114","20","18","41802000","Jamshedpur (NA+OG)","50-54","26175","14599","11576","0","0","0","26175","14599","11576","","","","","","","","","","","","","","","","","","","","","","","",""
"C4114","20","18","41802000","Jamshedpur (NA+OG)","55-59","20704","11926","8778","0","0","0","20704","11926","8778","","","","","","","","","","","","","","","","","","","","","","","",""
"C4114","20","18","41802000","Jamshedpur (NA+OG)","60-64","15331","8314","7017","0","0","0","15331","8314","7017","","","","","","","","","","","","","","","","","","","","","","","",""
"C4114","20","18","41802000","Jamshedpur (NA+OG)","65-69","10666","5449","5217","0","0","0","10666","5449","5217","","","","","","","","","","","","","","","","","","","","","","","",""
"C4114","20","18","41802000","Jamshedpur (NA+OG)","70-74","7052","3542","3510","0","0","0","7052","3542","3510","","","","","","","","","","","","","","","","","","","","","","","",""
"C4114","20","18","41802000","Jamshedpur (NA+OG)","75-79","3866","1931","1935","0","0","0","3866","1931","1935","","","","","","","","","","","","","","","","","","","","","","","",""
"C4114","20","18","41802000","Jamshedpur (NA+OG)","80+","4663","2311","2352","0","0","0","4663","2311","2352","","","","","","","","","","","","","","","","","","","","","","","",""
"C4114","20","18","41802000","Jamshedpur (NA+OG)","Age not stated","1406","828","578","0","0","0","1406","828","578","","","","","","","","","","","","","","","","","","","","","","","",""
